<?xml version="1.0" encoding="utf-8"?>
<Window size="650,330" mininfo="650,330" maxinfo="650,330" caption="0,0,0,33">
  <Include source="style.xml"/>
  <VerticalLayout name="bg" bkimage="file='imgs/bg.png' corner='1,33,1,1'" childalign="center" childpadding="9">
    <HorizontalLayout height="33">
      <Container width="20" height="13" bkimage="file='icon.png'" padding="8,10,0,0"/>
      <Label name="app_title" text="IDS_28" font="14" padding="7,0,0,0"/>
      <Button name="closebtn" width="11" height="11" padding="0,11,12,0"
              normalimage="file='btns/close.png' source='0,0,11,11'"
              hotimage="file='btns/close.png' source='11,0,22,11'"
              pushedimage="file='btns/close.png' source='22,0,33,11'"/>
    </HorizontalLayout>
    <Label name="error_msg_label" text="" height="30" align="center" textcolor="#ff0000" padding="0,8,0,0"/>
    <VerticalLayout width="600" childalign="center" childpadding="20" padding="0,10,0,0">
      <HorizontalLayout height="31">
        <Label text="IDS_40" width="197" height="31" textcolor="#000000"/>
        <MEdit name="shop_address" height="31" placestring="IDS_41" tooltip="IDS_41" placetextcolor="#8d8d8d" bordercolor="#FF4EA0D1" bordersize="1"/>
      </HorizontalLayout>
      <HorizontalLayout height="31">
        <Label text="IDS_42" width="197" height="31" textcolor="#000000"/>
        <MEdit name="shop_phone" height="31" placestring="IDS_43" tooltip="IDS_43" placetextcolor="#8d8d8d" bordercolor="#FF4EA0D1" bordersize="1"/>
      </HorizontalLayout>
      <Label name="warning" text="IDS_96" font="14" textcolor="#FF0000" align="center" padding="0,5,0,0"/>
      <HorizontalLayout height="42" width="450" padding="0,5,0,0">
        <Button name="cancel_btn" width="180" font="14" text="IDS_50"
                normalimage="file='btns/common_btn.png' source='0,0,142,42' corner='10,10,10,10'"
                hotimage="file='btns/common_btn.png' source='142,0,284,42' corner='10,10,10,10'"
                pushedimage="file='btns/common_btn.png' source='284,0,426,42' corner='10,10,10,10'"/>
        <Button name="bind_btn" width="180" font="14" text="IDS_51" padding="90,0,0,0"
                normalimage="file='btns/common_btn.png' source='0,0,142,42' corner='10,10,10,10'"
                hotimage="file='btns/common_btn.png' source='142,0,284,42' corner='10,10,10,10'"
                pushedimage="file='btns/common_btn.png' source='284,0,426,42' corner='10,10,10,10'"/>
      </HorizontalLayout>
    </VerticalLayout>
  </VerticalLayout>
</Window>
