<?xml version="1.0" encoding="utf-8"?>
<Window size="360,200" mininfo="360,200" maxinfo="360,200" caption="0,0,0,33">
  <Include source="style.xml"/>
  <VerticalLayout name="bg" bkimage="file='imgs/bg.png' corner='1,33,1,1'" childalign="center" childpadding="20">
    <HorizontalLayout height="33">
      <Container width="20" height="13" bkimage="file='icon.png'" padding="8,10,0,0"/>
      <Label name="title" text="IDS_23" font="14" padding="7,0,0,0"/>
      <Button name="closebtn" width="11" height="11" padding="0,11,12,0"
            normalimage="file='btns/close.png' source='0,0,11,11'"
            hotimage="file='btns/close.png' source='11,0,22,11'"
            pushedimage="file='btns/close.png' source='22,0,33,11'"/>
    </HorizontalLayout>
    <Label name="tip" height="55" text="IDS_88" font="14" align="center" padding="0,5,0,0"/>
    <HorizontalLayout name="confirm_window" height="30" width="290" padding="0,3,0,0">
      <Button name="cancel_btn" font="14" width="120" text="IDS_55" 
              normalimage="file='btns/common_btn.png' source='0,0,142,42' corner='10,10,10,10'"
              hotimage="file='btns/common_btn.png' source='142,0,284,42' corner='10,10,10,10'"
              pushedimage="file='btns/common_btn.png' source='284,0,426,42' corner='10,10,10,10'"/>
      <Button name="confirm_btn" font="14" width="120" text="IDS_87" padding="50,0,0,0"
              normalimage="file='btns/common_btn.png' source='0,0,142,42' corner='10,10,10,10'"
              hotimage="file='btns/common_btn.png' source='142,0,284,42' corner='10,10,10,10'"
              pushedimage="file='btns/common_btn.png' source='284,0,426,42' corner='10,10,10,10'"/>
    </HorizontalLayout>
  </VerticalLayout>
</Window>
