<?xml version="1.0" encoding="utf-8"?>
<Window size="355,205" caption="0,0,0,33">
  <Include source="style.xml"/>
  <VerticalLayout name="bg" bkimage="file='imgs/bg.png' corner='1,33,1,1'" childalign="center" childpadding="20">
    <HorizontalLayout height="33">
      <Container width="20" height="13" bkimage="file='icon.png'" padding="8,10,0,0"/>
      <Label name="title" text="IDS_101" font="14" padding="7,0,0,0"/>
      <Button name="closebtn" width="11" height="11" padding="0,11,12,0"
            normalimage="file='btns/close.png' source='0,0,11,11'"
            hotimage="file='btns/close.png' source='11,0,22,11'"
            pushedimage="file='btns/close.png' source='22,0,33,11'"/>
    </HorizontalLayout>
    <Label name="pcid_label" height="20" font="14" align="left" padding="30,5,0,0"/>
	<HorizontalLayout height="25" align="left" childalign="left">
		<Label name="version_label" height="20" text="IDS_100" font="14" align="left" padding="20,3,0,0"/>
		<Button name="get_log_btn" font="14" width="120" text="IDS_102" padding="20,0,30,0"
				normalimage="file='btns/common_btn.png' source='0,0,142,42' corner='10,10,10,10'"
				hotimage="file='btns/common_btn.png' source='142,0,284,42' corner='10,10,10,10'"
				pushedimage="file='btns/common_btn.png' source='284,0,426,42' corner='10,10,10,10'"/>
    </HorizontalLayout>
	<Button name="cancel_btn" font="14" width="120" text="IDS_87" padding="0,7,0,0"
            normalimage="file='btns/common_btn.png' source='0,0,142,42' corner='10,10,10,10'"
            hotimage="file='btns/common_btn.png' source='142,0,284,42' corner='10,10,10,10'"
            pushedimage="file='btns/common_btn.png' source='284,0,426,42' corner='10,10,10,10'"/>
  </VerticalLayout>
</Window>
