<?xml version="1.0" encoding="utf-8"?>
<Window>
  <HorizontalLayout height="33">
    <Container width="20" height="13" bkimage="file='icon.png'" padding="8,10,0,0"/>
    <Label name="app_title_label" text="IDS_1" width="165" font="16" padding="7,0,0,0"/>
    <Text name="language_text" textcolor="#999999" text="IDS_89" showhtml="true" padding="223,8,0,0"/>

    <Button name="settingbtn" width="24" height="14" padding="0,11,0,0"
            normalimage="file='btns/setting.png' source='0,0,24,14'"
            hotimage="file='btns/setting.png' source='24,0,48,14'"
            pushedimage="file='btns/setting.png' source='48,0,72,14'"/>
    <Button name="minbtn" width="12" height="11" padding="5,11,0,0"
            normalimage="file='btns/min.png' source='0,0,12,11'"
            hotimage="file='btns/min.png' source='12,0,24,11'"
            pushedimage="file='btns/min.png' source='24,0,36,11'"/>
    <Button name="closebtn" width="11" height="11" padding="7,11,12,0"
            normalimage="file='btns/close.png' source='0,0,11,11'"
            hotimage="file='btns/close.png' source='11,0,22,11'"
            pushedimage="file='btns/close.png' source='22,0,33,11'"/>
  </HorizontalLayout>
</Window>
