<?xml version="1.0" encoding="utf-8"?>
<Window type="window" size="810, 530" mininfo="810, 530" maxinfo="810, 530"  caption="0,0,0,30">
  <Include source="style.xml" />
  <VerticalLayout bordercolor="#bbbbbb" bordersize="1" childalign="center" childvalign="vcenter" bkimage="file='imgs/dialog_bg.png' corner='0,40,0,0'">
    <HorizontalLayout height="33" padding="10,0,10,0">
      <Label name="title_label" text="登录小米账号 v1.0" font="12" textcolor="#606060" align="left,venter" padding="0, 0, 0, 0" />
      <HorizontalLayout width="11">
        <Button name="window_close_btn" float="true" pos="0,11,11,22" width="11" height="11"
      normalimage="file='imgs/close_n_click_p.png' source='0,0,11,11'" hotimage="file='imgs/close_n_click_p.png' source='11,0,22,11'" pushedimage="file='imgs/close_n_click_p.png' source='22,0,33,11'"/>
      </HorizontalLayout>
    </HorizontalLayout>

    <VerticalLayout >
      <HorizontalLayout >
        <TabLayout name="login_tab" selectedid="0">
          <HorizontalLayout>
            <LoginHandle />
          </HorizontalLayout>
        </TabLayout>
      </HorizontalLayout>
    </VerticalLayout>
  </VerticalLayout>
</Window>
